Folder,Source,Especie,Foto_num,Alt_cabeza,Alt_ojo,Radio_AC_AO,Total_length
20200119_T_Pesca_Rawson,2,Bagre,"63,64,65",60.1,11.35,5.295154185,525
20200119_T_Pesca_Rawson,2,Bagre,"86,87",55.4,12,4.616666667,500
20200119_T_Pesca_Rawson,2,Bagre,"99,100,101",38.6,7.8,4.948717949,398
20200119_T_Pesca_Rawson,2,Bagre,118,42.2,9,4.688888889,420
20200119_T_Pesca_Rawson,2,Bagre,136,46.6,9.3,5.010752688,484
20200119_T_Pesca_Rawson,2,Bagre,"145,146",26.5,7.25,3.655172414,245
20200119_T_Pesca_Rawson,2,Bagre,"57,58",58.6,11.1,5.279279279,500
20200119_T_Pesca_Rawson,2,Bagre,"59,60",58.1,10.6,5.481132075,510
20210124_torneo_pesca_Punion,2,Bagre,66-67,59.7,17.39,3.433007476,333
20210124_torneo_pesca_Punion,2,Bagre,111-112-113,44.52,12,3.71,300
20210124_torneo_pesca_Punion,2,Bagre,114-115,40.455,10.85,3.728571429,335
20210124_torneo_pesca_Punion,2,Bagre,121-122,49.08,14.56,3.370879121,334
20210124_torneo_pesca_Punion,2,Bagre,197-198,32.72,9.27,3.529665588,300
20210124_torneo_pesca_Punion,2,Bagre,199-200,39.705,12.588,3.154194471,257
20210124_torneo_pesca_Punion,2,Bagre,210,42.905,14.573,2.944143279,315
20210124_torneo_pesca_Punion,2,Bagre,232,37.133,9.21,4.031813246,294
20210124_torneo_pesca_Punion,2,Bagre,234-235,38.00843333,10.53416667,3.608110118,273
20210124_torneo_pesca_Punion,2,Bagre,258-259,35.118,10.727,3.273795096,308
20210124_torneo_pesca_Punion,2,Bagre,263-264,30.882,9.19,3.36039173,261
20210124_torneo_pesca_Punion,2,Bagre,283-284,39.1021,12.95166667,3.27,346
20210124_torneo_pesca_Punion,2,Bagre,288,40.967,13.95704624,2.93521991,325
20210207_torneo20hs_PUnion,2,Bagre,17_18,39.404,9.958,3.957019482,318
20210207_torneo20hs_PUnion,2,Bagre,19_20,42.232,12.015,3.514939659,330
20210207_torneo20hs_PUnion,2,Bagre,27-28,46.263,11.011,4.201525747,330
20210207_torneo20hs_PUnion,2,Bagre,45-46,36.231,10.783,3.360011129,310
20210207_torneo20hs_PUnion,2,Bagre,51-52,40.32,10.659,3.782718829,306
20210207_torneo20hs_PUnion,2,Bagre,61-62,46.616,14.917,3.125025139,295
20210207_torneo20hs_PUnion,2,Bagre,68,35.704,10.256,3.481279251,290
20210207_torneo20hs_PUnion,2,Bagre,74,76.483,19.671,3.8881094,335
20210207_torneo20hs_PUnion,2,Bagre,87-88,50.208,11.404,4.402665731,359
20210207_torneo20hs_PUnion,2,Bagre,121-122,47.701,13.923,3.426057603,326
20190401FotosLujan,1,Besugo,IMG_0699,47,14,3.36,201
20190401FotosLujan,1,Besugo,Pag_pag01,73.8,18,4.1,301
20190508SesionPescaPtoLobos ,1,Besugo,25,89.4,19.8,4.52,317.4
20190508SesionPescaPtoLobos ,1,Besugo,31-32,77.9,18.3,4.26,303.7
20190508SesionPescaPtoLobos ,1,Besugo,46,83.5,18.6,4.49,314.1
20190508SesionPescaPtoLobos ,1,Besugo,53,90.4,20.1,4.5,344
20190508SesionPescaPtoLobos ,1,Besugo,56,78,17.3,4.51,305
20190508SesionPescaPtoLobos ,1,Besugo,59,86.3,18.3,4.72,337.2
20190508SesionPescaPtoLobos ,1,Besugo,61,63.3,15.8,4.01,246.7
20190508SesionPescaPtoLobos ,1,Besugo,63,75.1,17.7,4.24,294
20190508SesionPescaPtoLobos ,1,Besugo,64,54.3,14.7,3.69,234.8
20190508SesionPescaPtoLobos ,1,Besugo,68,79,18,4.39,297.5
20190508SesionPescaPtoLobos ,1,Besugo,73,75.37,17.1,4.41,293.9
20190508SesionPescaPtoLobos ,1,Besugo,74,63.4,17,3.73,245.6
20190508SesionPescaPtoLobos ,1,Besugo,80,76.7,18.6,4.12,278.3
20190508SesionPescaPtoLobos ,1,Besugo,81,75.8,16.8,4.49,295.5
20190508SesionPescaPtoLobos ,1,Besugo,87,73,17,4.29,282
20190508SesionPescaPtoLobos ,1,Besugo,96,81.7,19.4,4.31,317.9
20190508SesionPescaPtoLobos ,1,Besugo,98,66.2,17,3.89,265.4
20190508SesionPescaPtoLobos ,1,Besugo,99,79.5,18.2,4.37,299.1
20190508SesionPescaPtoLobos ,1,Besugo,103,95.5,19.22,4.96,363
20190508SesionPescaPtoLobos ,1,Besugo,105,73.1,17,4.3,289.4
20190508SesionPescaPtoLobos ,1,Besugo,120,81.8,18,4.54,339.1
20190508SesionPescaPtoLobos ,1,Besugo,121-124,85.8,18.8,4.76,351.1
20190508SesionPescaPtoLobos ,1,Besugo,126,89.9,20.1,4.47,339.4
20190508SesionPescaPtoLobos ,1,Besugo,127,67,17.6,3.81,261
20190508SesionPescaPtoLobos ,1,Besugo,131-132,78.7,18.25,4.31,302.2
20190508SesionPescaPtoLobos ,1,Besugo,"140,142",76.5,18.6,4.11,291.3
20200119_T_Pesca_Rawson,2,Cazon,"39,40,41,42",22.8,9.2,2.48,300
20200119_T_Pesca_Rawson,2,Cazon,"88,89,90,91",20.7,8.6,2.41,230
20200119_T_Pesca_Rawson,2,Cazon,107,24.3,9,2.7,270
20200119_T_Pesca_Rawson,2,Cazon,113,23.6,7.8,3.03,280
20200119_T_Pesca_Rawson,2,Cazon,"114,115",21.8,8.2,2.66,240
20200119_T_Pesca_Rawson,2,Cazon,"124,125",21.95,7,3.14,275
20200119_T_Pesca_Rawson,2,Cazon,"27,28",24,6.9,3.47,320
20200119_T_Pesca_Rawson,2,Cazon,"29,30",19.1,7.4,2.58,281
20200119_T_Pesca_Rawson,2,Cazon,"31,32",15.62,4.96,3.15,279
20200119_T_Pesca_Rawson,2,Cazon,"45,46,47,48",21.2,7.6,2.79,300
20200119_T_Pesca_Rawson,2,Cazon,50,20.9,8.4,2.49,305
20200119_T_Pesca_Rawson,2,Cazon,"94,95,96",19.38,7.65,2.53,294
20210124_torneo_pesca_Punion,2,Cazon,133,28.712,10.737,2.67,304
20210124_torneo_pesca_Punion,2,Cazon,135,21.46743333,8.642633333,2.48,324
20210124_torneo_pesca_Punion,2,Cazon,136,25.012,9.1942,2.72,266
20210124_torneo_pesca_Punion,2,Cazon,137,23.568,9.614,2.45,273
20210124_torneo_pesca_Punion,2,Cazon,138-140,21.42857143,7.242857143,2.96,290
20210124_torneo_pesca_Punion,2,Cazon,79-81,98.5,38.2,2.58,310
20210124_torneo_pesca_Punion,2,Cazon,89,28.55753846,11.79769231,2.42,302
20210124_torneo_pesca_Punion,2,Cazon,201,30.61776923,13.61884615,2.25,315
20210124_torneo_pesca_Punion,2,Cazon,206,25.355,10.768,2.35,301
20210124_torneo_pesca_Punion,2,Cazon,207,23.6546,9.92045,2.38,330
20210124_torneo_pesca_Punion,2,Cazon,213,31.03,11.813,2.63,336
20210124_torneo_pesca_Punion,2,Cazon,214,19.533,8.306,2.35,273
20210124_torneo_pesca_Punion,2,Cazon,215-216,23.837,10.747,2.22,288
20210124_torneo_pesca_Punion,2,Cazon,218,26.8,11.647,2.3,318
20210124_torneo_pesca_Punion,2,Cazon,220,24.828,8.584,2.89,296
20210124_torneo_pesca_Punion,2,Cazon,221,25.869,10.1645,2.54,334
20210124_torneo_pesca_Punion,2,Cazon,222,32.254,12.964,2.49,310
20210124_torneo_pesca_Punion,2,Cazon,223,28.238,12.095,2.33,307
20210124_torneo_pesca_Punion,2,Cazon,236,23.135,9.399,2.46,308
20210124_torneo_pesca_Punion,2,Cazon,237,22.527,9.022,2.5,271
20210124_torneo_pesca_Punion,2,Cazon,244,19.047,6.748,2.82,262
20210124_torneo_pesca_Punion,2,Cazon,245,21.91,7.381,2.97,263
20210207_torneo20hs_PUnion,2,Cazon,23-24,32.314,10.704,3.02,346
20210207_torneo20hs_PUnion,2,Cazon,98-100,24.873,10.717,2.32,318
20210207_torneo20hs_PUnion,2,Cazon,101-102,29.251,11.384,2.57,289
20210207_torneo20hs_PUnion,2,Cazon,119-120,29.698,10.797,2.75,294
20200119_T_Pesca_Rawson,2,Corvina,"43,44",45.6,9.6,4.75,322
20200119_T_Pesca_Rawson,2,Corvina,"87,88",43.4,10.55,4.11,318
20190401FotosLujan,2,Escrofalo,92,86.3,22,3.92,342
20190401FotosLujan,2,Escrofalo,IMG_0502,14.4,6,2.4,88
20190401FotosLujan,2,Escrofalo,IMG_0503,17.5,7,2.5,100
20190401FotosLujan,2,Escrofalo,IMG_0504,17.5,7,2.5,95
20190401FotosLujan,2,Escrofalo,IMG_0510,18.9,7,2.7,98
20190401FotosLujan,2,Escrofalo,IMG_0513,23.2,8,2.9,128
20190401FotosLujan,2,Escrofalo,IMG_0526,18.2,7,2.6,90
20190401FotosLujan,2,Escrofalo,IMG_0560,155.23,54.8,2.832664234,143
20190401FotosLujan,2,Escrofalo,IMG_0561,25,9.3,2.69,112
20190401FotosLujan,2,Escrofalo,IMG_0571,42.9,13,3.3,258
20190401FotosLujan,2,Escrofalo,IMG_0575,44.8,14,3.2,252
20190401FotosLujan,2,Escrofalo,IMG_0580,46.5,15,3.1,247
20190401FotosLujan,2,Escrofalo,IMG_0588,52.8,16,3.3,295
20190402Fotos_LeoVenerus,2,Escrofalo,24,90.3,21,4.3,350
20190402Fotos_LeoVenerus,2,Escrofalo,50,32.4,12,2.7,156
20190503SesionPescaEMA/Peste,2,Escrofalo,55-57,47.257,15.7,3.01,277.7
20190503SesionPescaEMA/Peste,2,Escrofalo,74-76,57.7,16.7,3.46,320.3
20190508SesionPescaPtoLobos ,2,Escrofalo,161,16.5,7,2.36,90.1
20200119_T_Pesca_Rawson,2,Gatuzo,129-131,196.156,39.051,5.02,833
20200119_T_Pesca_Rawson,2,Gatuzo,"134,135",18.9,7,2.7,265
20200119_T_Pesca_Rawson,2,Gatuzo,"139,140",19.8,5.4,3.67,265
20200119_T_Pesca_Rawson,2,Gatuzo,"147,148,149",15.5,6.1,2.54,260
20200119_T_Pesca_Rawson,2,Gatuzo,"161,162",19.42,6.44,3.02,290
20200119_T_Pesca_Rawson,2,Gatuzo,video1-shark1,20.2,5.9,3.42,280
20200119_T_Pesca_Rawson,2,Gatuzo,video1-shark2,19.2,6.5,2.95,310
20200119_T_Pesca_Rawson,2,Gatuzo,video1-shark3,20.9,6,3.48,285
20200119_T_Pesca_Rawson,2,Gatuzo,"39,40,41",27.3,6.7,4.07,421
20200119_T_Pesca_Rawson,2,Gatuzo,"42,43,44",16.9,4.2,4.02,225
20200119_T_Pesca_Rawson,2,Gatuzo,"61,62",28,6.5,4.31,470
20200119_T_Pesca_Rawson,2,Gatuzo,74,16,4.6,3.48,245
20200119_T_Pesca_Rawson,2,Gatuzo,"84,85",28.1,6.35,4.43,490
20200119_T_Pesca_Rawson,2,Gatuzo,"89,90,91",16,5.3,3.02,228
20200119_T_Pesca_Rawson,2,Gatuzo,"92,93",17.04,6.7,2.54,275
20200119_T_Pesca_Rawson,2,Gatuzo,"109,110",23.4,5.69,4.11,305
20200119_T_Pesca_Rawson,2,Gatuzo,"111,112",19.3,7,2.76,265
20200119_T_Pesca_Rawson,2,Gatuzo,113,20.4,4.95,4.12,290
20200119_T_Pesca_Rawson,2,Gatuzo,"114,115,116",17.7,5.4,3.28,282
20210124_torneo_pesca_Punion,2,Gatuzo,56-57,26.1,7.7,3.39,293
20210124_torneo_pesca_Punion,2,Gatuzo,74-75,48.2,16.5,2.92,300
20210124_torneo_pesca_Punion,2,Gatuzo,125-127,50.55,14.01,4.03,623
20210124_torneo_pesca_Punion,2,Gatuzo,147-149,32.22,10,3.22,159
20210124_torneo_pesca_Punion,2,Gatuzo,204,20.49,6.29,3.26,239
20210124_torneo_pesca_Punion,2,Gatuzo,205,28.99,7.9,3.67,325
20210124_torneo_pesca_Punion,2,Gatuzo,239-240,49.48,12.9,4.11,685
20210207_torneo20hs_PUnion,2,Gatuzo,3-Jan,26.038,9.359,2.78,275
20210207_torneo20hs_PUnion,2,Gatuzo,6-Apr,287.673,75.895,3.8,311
20210207_torneo20hs_PUnion,2,Gatuzo,8-Jul,20.557,6.463,3.18,317
20210207_torneo20hs_PUnion,2,Gatuzo,9,23.013,9.315,2.47,300
20210207_torneo20hs_PUnion,2,Gatuzo,11-Oct,22.095,6.86,3.22,335
20210207_torneo20hs_PUnion,2,Gatuzo,12_13,18.668,4.972,3.75,316
20210207_torneo20hs_PUnion,2,Gatuzo,75-76,20.257,6.855,2.96,300
20210207_torneo20hs_PUnion,2,Gatuzo,79_80,23.623,7.33,3.22,324
20210207_torneo20hs_PUnion,2,Gatuzo,85-86,30.422,10.51,2.89,106
20210207_torneo20hs_PUnion,2,Gatuzo,123-124,27.158,7.057,3.85,295
20210207_torneo20hs_PUnion,2,Gatuzo,130-131,24.08,7.31,3.29,341
20210207_torneo20hs_PUnion,2,Gatuzo,153,30.533,8.338,3.66,341
20190503SesionPescaEMA/Peste,1,Magru,80-83,48.3,18.5,2.61,371.5
20190503SesionPescaEMA/Peste,1,Magru,84-86,33.2,12.5,2.66,301.5
20190503SesionPescaEMA/Peste,1,Magru,90-92,27.3,11.8,2.31,278.7
20190503SesionPescaEMA/Peste,1,Magru,93-94,33,15.1,2.19,315.5
20190503SesionPescaEMA/Peste,1,Magru,95-96,34.4,15.3,2.25,327.6
20190503SesionPescaEMA/Peste,1,Magru,97-98,35.4,15.9,2.23,335.9
20190503SesionPescaEMA/Peste,1,Magru,99-100,31,14.8,2.09,306.2
20190503SesionPescaEMA/Peste,1,Magru,101-103,36.7,17.2,2.45,342.5
20190503SesionPescaEMA/Peste,1,Magru,104-105,33.7,15.2,2.22,328
20190503SesionPescaEMA/Peste,1,Magru,106-107,32.9,16.7,1.97,294
20190503SesionPescaEMA/Peste,1,Magru,108-109,33.6,13.9,2.43,347.7
20190503SesionPescaEMA/Peste,1,Magru,110-111,33.9,16.7,2.03,308.2
20190503SesionPescaEMA/Peste,1,Magru,112-113,29.8,12.5,2.38,281.8
20190503SesionPescaEMA/Peste,1,Magru,114-116,29.5,13.3,2.22,287.2
20190503SesionPescaEMA/Peste,1,Magru,117-,33.5,14.1,2.38,313.3
20190503SesionPescaEMA/Peste,1,Magru,118-119,32.6,15.5,2.1,296.7
20190503SesionPescaEMA/Peste,1,Magru,120-121,31.7,15.1,2.1,295.4
20190503SesionPescaEMA/Peste,1,Magru,122-123,29.7,14.5,2.05,284.1
20190503SesionPescaEMA/Peste,1,Magru,124-125,31.1,14.2,2.19,297.1
20190503SesionPescaEMA/Peste,1,Magru,126-127,31.6,14.6,2.16,306.7
20190503SesionPescaEMA/Peste,1,Magru,128-129,35.3,14.9,2.37,301.6
20190503SesionPescaEMA/Peste,1,Magru,130-131,34.533,14.95,2.31,306.3
20190503SesionPescaEMA/Peste,1,Magru,134-135,30.8,15.3,2.01,289.6
20190503SesionPescaEMA/Peste,1,Magru,136-138,29.5,12.7,2.32,272.8
20190503SesionPescaEMA/Peste,1,Magru,139-140,31.7,14,2.26,288.7
20190503SesionPescaEMA/Peste,1,Magru,141-142,29.8,14.6,2.04,286
20190503SesionPescaEMA/Peste,1,Magru,143-144,32,14.8,2.16,292.6
20190503SesionPescaEMA/Peste,1,Magru,145-151,29.7,14.7,2.02,288.3
20190503SesionPescaEMA/Peste,1,Magru,152-153,26.6,13.6,1.96,281.5
20190503SesionPescaEMA/Peste,1,Magru,154-155,28,13.7,2.04,291.1
20190503SesionPescaEMA/Peste,1,Magru,158-159,37.9,15,2.53,362.8
20190503SesionPescaEMA/Peste,1,Magru,164-165,30.2,14.5,2.08,278.3
20190503SesionPescaEMA/Peste,1,Magru,168-169,30.3,13.6,2.23,278.3
20190503SesionPescaEMA/Peste,1,Magru,187,31.2,13.8,2.26,292
20190503SesionPescaEMA/Peste,1,Magru,188,37.8,14.2,2.29,290.1
20190503SesionPescaEMA/Peste,1,Magru,189-191,30.7,15.2,2.02,311
20190503SesionPescaEMA/Peste,1,Magru,196,29.9,14.2,2.11,269.6
20210124_torneo_pesca_Punion,2,Merluccius_hubbsi,291-292,,,356,
20190104Getino|Camarones,2,Mero,060210300_23,59.47,19,3.13,295.5
20190104Getino|GN,2,Mero,050311200_1,48.6,15,3,291.4
20190104Getino|GN,2,Mero,200211200_23,53.1,18,2.95,273.5
20190104Getino|GSJ,2,Mero,190211100_8,22.32,8.072332731,2.765,239
20190503SesionPescaEMA/Peste,1,Mero,16-19,52.7,16.2,3.25,335.8
20190503SesionPescaEMA/Peste,1,Mero,20-22,53.1,18.2,2.92,286.3
20190503SesionPescaEMA/Peste,1,Mero,27-29,230,72,3.194444444,337.8
20190503SesionPescaEMA/Peste,1,Mero,30-32,254,74,3.4,334.4
20190503SesionPescaEMA/Peste,1,Mero,33-36,53.8,16.75,3.211940299,331.8
20190503SesionPescaEMA/Peste,1,Mero,37-40,69.2,20.1,3.45,418
20190503SesionPescaEMA/Peste,1,Mero,41-42,58.3,19.1,3.05,312
20190503SesionPescaEMA/Peste,1,Mero,43-45,49.3,15.5,3.18,301
20190503SesionPescaEMA/Peste,1,Mero,46-49,54.5,16.3,3.04,275.3
20190503SesionPescaEMA/Peste,1,Mero,50-52,59.5,17.5,3.4,359.2
20190503SesionPescaEMA/Peste,1,Mero,53-54,57.7,18.4,3.14,360
20190503SesionPescaEMA/Peste,1,Mero,62-65,55,15.7,3.19,297.3
20210321_TorneoapneaMadryn,1,Mero,72-73,68.1,20,3.41,356.5
20210321_TorneoapneaMadryn,1,Mero,172-174,71.1,18.6,3.83,453.5
20210321_TorneoapneaMadryn,2,Mero,3&4,564.617,159.7,3.535485285,445
20210321_TorneoapneaMadryn,2,Mero,5&6,79.712,23,3.46573913,431
20210321_TorneoapneaMadryn,2,Mero,9&10,76.304,23.606,3.232398543,400
20210321_TorneoapneaMadryn,2,Mero,11&12,61.03,17,3.59,425
20210321_TorneoapneaMadryn,2,Mero,29-30,88.09,23,3.83,476
20210321_TorneoapneaMadryn,2,Mero,41-42,111.28,26,4.25,510
20210321_TorneoapneaMadryn,2,Mero,52-53,71.651,22.859,3.134476574,377
20210321_TorneoapneaMadryn,2,Mero,54-55,61.561,20.665,2.978998306,331
20210321_TorneoapneaMadryn,2,Mero,56-57,165.74,50.279,3.296406054,370
20210321_TorneoapneaMadryn,2,Mero,73-74,613.15,182.5,3.359726027,410
20210321_TorneoapneaMadryn,2,Mero,75-76,87.929,23.965,3.669059044,445
20210321_TorneoapneaMadryn,2,Mero,77-79,77.981,24.445,3.190059317,395
20210321_TorneoapneaMadryn,2,Mero,80-81,96.355,27.754,3.47175182,430
20210321_TorneoapneaMadryn,2,Mero,105-106,92.560048,26.659,3.472,430
20210321_TorneoapneaMadryn,2,Mero,109-110,92.03800028,27.215,3.381885,440
20210321_TorneoapneaMadryn,2,Mero,111-112,77.109,22.893,3.368234832,385
20210321_TorneoapneaMadryn,2,Mero,113-114,76.5212,22.3087,3.430105743,405
20210321_TorneoapneaMadryn,2,Mero,115-116,157.922,47.872,3.29883857,420
20210321_TorneoapneaMadryn,2,Mero,117-118,91.133,24.002,3.796891926,425
20210321_TorneoapneaMadryn,2,Mero,119-120,110.259,30.125,3.660049793,385
20210321_TorneoapneaMadryn,2,Mero,133-135,115,29.41176471,3.91,475
20210124_torneo_pesca_Punion,2,Myliobatis,226-229,,,820,
20210124_torneo_pesca_Punion,2,Myliobatis,260-262,,,850,
20210124_torneo_pesca_Punion,2,Myliobatis,289-290,,,800,
20200119_T_Pesca_Rawson,2,Palometa,"80,81",50.108,12.149,4.12,440
20200119_T_Pesca_Rawson,2,Palometa,"96,98",50.634,13.92,3.64,400
20200119_T_Pesca_Rawson,2,Palometa,"108,109",49.243,14.076,3.5,380
20200119_T_Pesca_Rawson,2,Palometa,Video 3,41.815,10.885,3.84,365
20200119_T_Pesca_Rawson,2,Palometa,Video 3,50.209,14.28,3.52,435
20200119_T_Pesca_Rawson,2,Palometa,Video 3,52.812,14.765,3.58,400
20190401FotosLujan,3,Papamoscas,nem_ber01,51.2,16,3.2,265
20190401FotosLujan,3,Papamoscas,nem_ber02,46.5,15,3.1,232
20190401FotosLujan,3,Papamoscas,nem_ber03,44.2,13,3.4,245
20190624MuestreoVideo,1,Papamoscas,papam1,66,17.5,3.77,397
20210321_TorneoapneaMadryn,2,Papamoscas,31-32,48.752,17.026,2.86,275
20210321_TorneoapneaMadryn,2,Papamoscas,33-34,44.243,13.032,3.39,240
20210321_TorneoapneaMadryn,2,Papamoscas,35-36,52.314,14.362,3.64,295
20210321_TorneoapneaMadryn,2,Papamoscas,61-63,53.139,11.943,4.4,295
20210321_TorneoapneaMadryn,2,Papamoscas,64-65,53.572,13.926,3.85,285
20210321_TorneoapneaMadryn,2,Papamoscas,,45.88339,11.98,3.83,320
20200119_T_Pesca_Rawson,2,Pejerrey,160,13.1,5.4,2.43,163
20200119_T_Pesca_Rawson,2,Pejerrey,"13,14",13.1,5.6,2.34,146
20200119_T_Pesca_Rawson,2,Pejerrey,"15,16",12,4.8,2.5,120
20200119_T_Pesca_Rawson,2,Pejerrey,"17,18",11.6,5,2.32,116
20200119_T_Pesca_Rawson,2,Pejerrey,"19,20",11.7,4.9,2.39,115
20200119_T_Pesca_Rawson,2,Pejerrey,"21,22,23",11.4,5.3,2.15,120
20200119_T_Pesca_Rawson,2,Pejerrey,"24,25",15.4,7.4,2.08,150
20200119_T_Pesca_Rawson,2,Pejerrey,"28,29",11.4,5.1,2.24,118
20200119_T_Pesca_Rawson,2,Pejerrey,"30,31",18.9,7.7,2.45,229
20200119_T_Pesca_Rawson,2,Pejerrey,"32,33",11.6,5.4,2.15,120
20200119_T_Pesca_Rawson,2,Pejerrey,34,12.4,5.7,2.18,120
20200119_T_Pesca_Rawson,2,Pejerrey,"35,36",13.1,5.9,2.22,117
20200119_T_Pesca_Rawson,2,Pejerrey,"37,38",13.2,6.2,2.13,119
20200119_T_Pesca_Rawson,2,Pejerrey,"45,46",10.4,5.3,1.96,115
20200119_T_Pesca_Rawson,2,Pejerrey,"47,48",11.7,6,1.95,130
20200119_T_Pesca_Rawson,2,Pejerrey,"49,50",11.4,5.5,2.07,115
20200119_T_Pesca_Rawson,2,Pejerrey,"51,52",11.2,5.7,1.96,116
20200119_T_Pesca_Rawson,2,Pejerrey,55,47,26.1,1.800766284,128
20200119_T_Pesca_Rawson,2,Pejerrey,"56,57",49.393,30.15,1.638242123,133
20200119_T_Pesca_Rawson,2,Pejerrey,58,12.9,5.7,2.26,130
20200119_T_Pesca_Rawson,2,Pejerrey,60,13.7,5.7,2.4,149
20200119_T_Pesca_Rawson,2,Pejerrey,82,28,11.5,2.43,245
20200119_T_Pesca_Rawson,2,Pejerrey,133,23.4,8.2,2.85,250
20200119_T_Pesca_Rawson,2,Pejerrey,"158,159",94.3,36,2.619444444,164
20200119_T_Pesca_Rawson,2,Pejerrey,"35,36",18.1,8.1,2.23,216
20200119_T_Pesca_Rawson,2,Pejerrey,53,103.33,44.84,2.3044157,342
20200119_T_Pesca_Rawson,2,Pejerrey,"54,55",22.6,8.6,2.63,237
20200119_T_Pesca_Rawson,2,Pejerrey,73,22,10.6,2.08,270
20200119_T_Pesca_Rawson,2,Pejerrey_smitti,"11,12",15.005,6.971,2.15,165
20200119_T_Pesca_Rawson,2,Pejerrey_smitti,"26,27",25.63,10.875,2.36,153
20200119_T_Pesca_Rawson,2,Pejerrey_smitti,"84,85",19.9008,9.3434,2.13,150
20200119_T_Pesca_Rawson,2,Pejerrey_smitti,"94,95",12.727,5.508,2.31,135
20200119_T_Pesca_Rawson,2,Pejerrey_smitti,"104,105",24.738,8.516,2.9,245
20200119_T_Pesca_Rawson,2,Pejerrey_smitti,Video 2,24.706,6.726,3.67,232
20200119_T_Pesca_Rawson,2,Pejerrey_smitti,Video 2,18.253,9.3335,1.96,150
20200119_T_Pesca_Rawson,2,Pejerrey_smitti,Video 2,17.16666667,8.673,1.98,155
20200119_T_Pesca_Rawson,2,Pejerrey_smitti,Video 2,13.011,7.126,1.83,142
20200222_T_pesca_Madryn,2,Pejerrey,"4,5",20.2,10,2.02,119
20200222_T_pesca_Madryn,2,Pejerrey,9,27.1,10.75,2.52,268
20210124_torneo_pesca_Punion,2,Pejerrey,73,37.332,16.425,2.27,180
20210124_torneo_pesca_Punion,2,Pejerrey,82,50.449,21.209,2.38,220
20210124_torneo_pesca_Punion,2,Pejerrey,105,20.987,11.053,1.9,165
20210124_torneo_pesca_Punion,2,Pejerrey,106,45.611,19.213,2.37,231
20210124_torneo_pesca_Punion,2,Pejerrey,108,23.27,10.71,2.17,222
20210124_torneo_pesca_Punion,2,Pejerrey,155-156,43.883,18.492,2.37,350
20210124_torneo_pesca_Punion,2,Pejerrey,249,25.822,11.265,2.29,297
20210124_torneo_pesca_Punion,2,Pejerrey,250-251,33.299,14.472,2.3,310
20210124_torneo_pesca_Punion,2,Pejerrey,35,21.7,8.56,2.54,250
20210207_torneo20hs_PUnion,2,Pejerrey,34-35,51.312,20.29,2.53,297
20210207_torneo20hs_PUnion,2,Pejerrey,42,33.895,15.264,2.22,270
20210207_torneo20hs_PUnion,2,Pejerrey,49-50,27.143,12.184,2.23,308
20210207_torneo20hs_PUnion,2,Pejerrey,53,28.625,12.546,2.28,290
20210207_torneo20hs_PUnion,2,Pejerrey,112,7.209,4.233,1.7,74
20210207_torneo20hs_PUnion,2,Pejerrey,132-133,35.139,15.07,2.33,309
20210207_torneo20hs_PUnion,2,Pejerrey,134-135,15.939,7.564,2.11,157
20210207_torneo20hs_PUnion,2,Pejerrey,140-141,4.48,1.71,2.62,313
20210207_torneo20hs_PUnion,2,Pejerrey,142-143,39.622,15.36,2.58,344
20210207_torneo20hs_PUnion,2,Pejerrey,148-149,23.795,12.018,1.98,242
20210207_torneo20hs_PUnion,2,Pejerrey,156-157,42.724,20.011,2.14,214
20210207_torneo20hs_PUnion,2,Pejerrey,159-161,43.92,20.62,2.13,166
20210207_torneo20hs_PUnion,2,Pejerrey,162,34.7,13.78,2.52,369
20210207_torneo20hs_PUnion,2,Pejerrey_smitti,25_26,30.089,15.191,1.98,167
20200222_T_pesca_Madryn,2,Pescadilla,"1,2",14.561,7.176,2.03,120
20200222_T_pesca_Madryn,2,Pescadilla,"36,37",18.4,7.6,2.42,125
20200119_T_Pesca_Rawson,2,Pez_gallo,"1,2,3",102.7,13.8,7.44,550
20200119_T_Pesca_Rawson,2,Pez_gallo,"4,5,6",100.7,15.5,6.5,522
20200119_T_Pesca_Rawson,2,Pez_gallo,"7,8",105.4,13.5,7.81,570
20200119_T_Pesca_Rawson,2,Pez_gallo,"9,10",89.8,13,6.91,460
20200119_T_Pesca_Rawson,2,Pez_gallo,"61,62",103,13.2,7.79,485
20200119_T_Pesca_Rawson,2,Pez_gallo,"66,67,68",63.9,9.5,6.73,355
20200119_T_Pesca_Rawson,2,Pez_gallo,"69,70",55.5,9.5,5.84,285
20200119_T_Pesca_Rawson,2,Pez_gallo,"71,72,73",71.3,10.4,6.86,405
20200119_T_Pesca_Rawson,2,Pez_gallo,"74,75,76",66.5,11.7,5.68,340
20200119_T_Pesca_Rawson,2,Pez_gallo,"77,78,79",67.9,10.3,6.59,380
20200119_T_Pesca_Rawson,2,Pez_gallo,"92,93",73.8,11.3,6.53,390
20200119_T_Pesca_Rawson,2,Pez_gallo,"102,103",66.2,11.4,5.81,320
20200119_T_Pesca_Rawson,2,Pez_gallo,"110,111",53.7,9.9,5.42,310
20200119_T_Pesca_Rawson,2,Pez_gallo,"121,122,123",129.3,16.1,8.03,600
20200119_T_Pesca_Rawson,2,Pez_gallo,"126,127",89.7,12.5,7.18,465
20200119_T_Pesca_Rawson,2,Pez_gallo,"137,138",62.1,11.4,5.45,455
20200119_T_Pesca_Rawson,2,Pez_gallo,"141,142",74.8,12.5,5.98,460
20200119_T_Pesca_Rawson,2,Pez_gallo,"143,144",81,14.4,5.63,340
20200119_T_Pesca_Rawson,2,Pez_gallo,150,59,13.4,4.4,275
20200119_T_Pesca_Rawson,2,Pez_gallo,"151,152,153,154",28.9,6.2,4.66,165
20200119_T_Pesca_Rawson,2,Pez_gallo,Video 4,116.9,15.98,7.32,630
20200119_T_Pesca_Rawson,2,Pez_gallo,Video 5,71.6,13.6,5.26,320
20200119_T_Pesca_Rawson,2,Pez_gallo,Video 6,91.7,15.5,5.92,325
20200119_T_Pesca_Rawson,2,Pez_gallo,Video 7,88.2,12.6,7,400
20200119_T_Pesca_Rawson,2,Pez_gallo,Video 8,3.2,0.6,5.33,165
20200119_T_Pesca_Rawson,2,Pez_gallo,"1,2",95,14.4,6.6,430
20200119_T_Pesca_Rawson,2,Pez_gallo,"3,4,5",51.2,9.4,5.45,250
20200119_T_Pesca_Rawson,2,Pez_gallo,"6,7,8",259,40,6.47,365
20200119_T_Pesca_Rawson,2,Pez_gallo,"9,10,11",51.8,8,6.48,290
20200119_T_Pesca_Rawson,2,Pez_gallo,"12,13",54.9,9.8,5.6,365
20200119_T_Pesca_Rawson,2,Pez_gallo,"14,15,16",60.4,10.6,5.7,320
20200119_T_Pesca_Rawson,2,Pez_gallo,"17,18",132.8,17.5,7.59,490
20200119_T_Pesca_Rawson,2,Pez_gallo,"19,20,21",27.6,6.9,4,165
20200119_T_Pesca_Rawson,2,Pez_gallo,"22,23",62.3,11.3,5.51,315
20200119_T_Pesca_Rawson,2,Pez_gallo,"37,38",67.3,12.2,5.52,350
20200119_T_Pesca_Rawson,2,Pez_gallo,"63,64,65",366,62.6,5.84,490
20200119_T_Pesca_Rawson,2,Pez_gallo,"67,68",60.4,11.4,5.3,305
20200119_T_Pesca_Rawson,2,Pez_gallo,"69,70",435,60.5,7.2,535
20200119_T_Pesca_Rawson,2,Pez_gallo,"75,76",108.3,18.2,5.95,590
20200119_T_Pesca_Rawson,2,Pez_gallo,"77,78",63.1,13.4,4.71,310
20200119_T_Pesca_Rawson,2,Pez_gallo,"79,80,81",107.5,18.8,5.72,615
20200119_T_Pesca_Rawson,2,Pez_gallo,"82,83",31.2,6.5,4.8,165
20200119_T_Pesca_Rawson,2,Pez_gallo,86,67.2,10.4,6.46,365
20200119_T_Pesca_Rawson,2,Pez_gallo,"97,98",70.7,13.7,5.16,345
20200119_T_Pesca_Rawson,2,Pez_gallo,"99,100",63,10.7,5.89,325
20200119_T_Pesca_Rawson,2,Pez_gallo,"101,102",53.4,9.3,5.74,295
20200119_T_Pesca_Rawson,2,Pez_gallo,"103,104",68.4,12.8,5.34,385
20200119_T_Pesca_Rawson,2,Pez_gallo,105,59.6,10.2,5.84,305
20200119_T_Pesca_Rawson,2,Pez_gallo,106,101.7,13.3,7.65,555
20200119_T_Pesca_Rawson,2,Pez_gallo,"107,108",43.2,10.2,4.24,222
20200222_T_pesca_Madryn,2,Pez_gallo,"6,7,8",28.6,6.7,4.27,140
20200222_T_pesca_Madryn,2,Pez_gallo,"10,11",48.3,9.9,4.88,225
20200222_T_pesca_Madryn,2,Pez_gallo,25,57.5,9.9,5.81,310
20200222_T_pesca_Madryn,2,Pez_gallo,"26,27",63.1,11.3,5.58,260
20200222_T_pesca_Madryn,2,Pez_gallo,"28,",69.4,10.5,6.61,365
20200222_T_pesca_Madryn,2,Pez_gallo,"29,30",74.7,11.3,6.61,445
20200222_T_pesca_Madryn,2,Pez_gallo,"4,5,6",80.1,10.4,7.7,520
20210124_torneo_pesca_Punion,2,Pez_gallo,30,75.669,11.129,6.8,400
20210124_torneo_pesca_Punion,2,Pez_gallo,31-32,55.269,10.16,5.44,270
20210124_torneo_pesca_Punion,2,Pez_gallo,33,53.745,9.718,5.53,305
20210124_torneo_pesca_Punion,2,Pez_gallo,37,68.953,10.872,6.34,375
20210124_torneo_pesca_Punion,2,Pez_gallo,38,63.486,10.661,5.95,300
20210124_torneo_pesca_Punion,2,Pez_gallo,39,52.439,9.711,5.4,285
20210124_torneo_pesca_Punion,2,Pez_gallo,42,49.656,9.296,5.34,275
20210124_torneo_pesca_Punion,2,Pez_gallo,44,79.375,12.135,6.54,440
20210124_torneo_pesca_Punion,2,Pez_gallo,45,69.184,11.178,6.19,360
20210124_torneo_pesca_Punion,2,Pez_gallo,46,61.49,10.488,5.86,340
20210124_torneo_pesca_Punion,2,Pez_gallo,47,88.259,11.796,7.48,490
20210124_torneo_pesca_Punion,2,Pez_gallo,51,46.377,7.603,6.1,265
20210124_torneo_pesca_Punion,2,Pez_gallo,52,40.771,8.536,4.78,235
20210124_torneo_pesca_Punion,2,Pez_gallo,53,70.105,11.241,6.24,365
20210124_torneo_pesca_Punion,2,Pez_gallo,58,81.175,12.111,6.7,445
20210124_torneo_pesca_Punion,2,Pez_gallo,61-62,81.994,16.477,4.98,260
20210124_torneo_pesca_Punion,2,Pez_gallo,65,66.798,13.181,5.07,310
20210124_torneo_pesca_Punion,2,Pez_gallo,68,61.953,9.794,6.33,260
20210124_torneo_pesca_Punion,2,Pez_gallo,100-101,39.232,9.785,4.01,170
20210124_torneo_pesca_Punion,2,Pez_gallo,141-142,113.734,14.087,8.07,600
20210124_torneo_pesca_Punion,2,Pez_gallo,146,32.29,7.06,4.57,155
20210124_torneo_pesca_Punion,2,Pez_gallo,150-151,114.759,17.692,6.49,610
20210124_torneo_pesca_Punion,2,Pez_gallo,152-153,45.326,10.051,4.51,165
20190624MuestreoVideo,2,Pez_limon,limon1,8.56,1.33,6.44,110
20200222_T_pesca_Madryn,2,Pez_palo,"31,32,33",140,79,1.66,128
20200222_T_pesca_Madryn,2,Pez_palo,"1,2,3",70,30,2.333333333,435
20210124_torneo_pesca_Punion,2,Pez_palo,59-60,39.211,10.79,3.63,365
20210124_torneo_pesca_Punion,2,Pez_palo,63-64,47.684,17.42,2.74,365
20210124_torneo_pesca_Punion,2,Pez_palo,71-72,13.9,6.6,2.11,210
20210124_torneo_pesca_Punion,2,Pez_palo,97,72.59,26.7,2.72,435
20210124_torneo_pesca_Punion,2,Pez_palo,102,33.2,9.6,3.46,335
20210124_torneo_pesca_Punion,2,Pez_palo,109-110,30.95,10.564,2.93,257
20210124_torneo_pesca_Punion,2,Pez_palo,123-124,42.755,11.752,3.64,454
20210124_torneo_pesca_Punion,2,Pez_palo,128,11.321,5.34,2.12,212
20210124_torneo_pesca_Punion,2,Pez_palo,129-130,11.268,7.48,1.51,203
20210124_torneo_pesca_Punion,2,Pez_palo,154,22.666,10.26,2.21,338
20210124_torneo_pesca_Punion,2,Pez_palo,157-158,24.064,7.039,3.42,354
20210124_torneo_pesca_Punion,2,Pez_palo,159-160,28.792,10.149,2.84,423
20210124_torneo_pesca_Punion,2,Pez_palo,161-162,25.142,7.851,3.2,372
20210124_torneo_pesca_Punion,2,Pez_palo,163-165,19.775,6.837,2.89,366
20210124_torneo_pesca_Punion,2,Pez_palo,167-168,23.722,10.233,2.32,446
20210124_torneo_pesca_Punion,2,Pez_palo,169,18.882,7.456,2.53,380
20210124_torneo_pesca_Punion,2,Pez_palo,170-171,20.2,8.7,2.32,333
20210124_torneo_pesca_Punion,2,Pez_palo,174-175,28.931,10.794,2.68,453
20210124_torneo_pesca_Punion,2,Pez_palo,176-177,20.686,7.105,2.91,347
20210124_torneo_pesca_Punion,2,Pez_palo,178,12.026,3.97,3.02,247
20210124_torneo_pesca_Punion,2,Pez_palo,179-180,19.867,6.394,3.11,332
20210124_torneo_pesca_Punion,2,Pez_palo,182,26.028,10.168,2.56,405
20210124_torneo_pesca_Punion,2,Pez_palo,183-185,13.069,5.842,2.24,211
20210124_torneo_pesca_Punion,2,Pez_palo,186,24.672,7.741,3.19,419
20210124_torneo_pesca_Punion,2,Pez_palo,187,20.391,6.885,2.96,394
20210124_torneo_pesca_Punion,2,Pez_palo,190,20.218,7.113,2.84,363
20210124_torneo_pesca_Punion,2,Pez_palo,191-192,11.054,4.99,2.22,203
20210124_torneo_pesca_Punion,2,Pez_palo,193,13.394,5.189,2.58,259
20210124_torneo_pesca_Punion,2,Pez_palo,194-195,13.579,5.234,2.59,242
20210124_torneo_pesca_Punion,2,Pez_palo,196,54.596,18.631,2.93,448
20210124_torneo_pesca_Punion,2,Pez_palo,202-203,23.91025,9.156833333,2.61,315
20210124_torneo_pesca_Punion,2,Pez_palo,208,18.199,7.973,2.28,243
20210124_torneo_pesca_Punion,2,Pez_palo,209,20.231,9.539,2.12,360
20210124_torneo_pesca_Punion,2,Pez_palo,246-248,30.674,8.93,3.43,381
20210124_torneo_pesca_Punion,2,Pez_palo,252-254,29.572,8.223,3.6,407
20210124_torneo_pesca_Punion,2,Pez_palo,267-269,18.919,7.337,2.58,407
20210124_torneo_pesca_Punion,2,Pez_palo,270-271,9.42,4.41,2.14,199
20210124_torneo_pesca_Punion,2,Pez_palo,272-273,32.459,9.985,3.25,424
20210124_torneo_pesca_Punion,2,Pez_palo,274-275,32.057,11.367,2.82,415
20210124_torneo_pesca_Punion,2,Pez_palo,278-279,14.111,7.831,1.8,254
20210124_torneo_pesca_Punion,2,Pez_palo,285-286,38.3,14,2.74,473
20210207_torneo20hs_PUnion,2,Pez_palo,14,14.826,6.822,2.17,349
20210207_torneo20hs_PUnion,2,Pez_palo,15_16,17.741,7.651,2.32,266
20210207_torneo20hs_PUnion,2,Pez_palo,38-41,43.819,15.605,2.81,415
20210207_torneo20hs_PUnion,2,Pez_palo,43-44,38.672,14.283,2.71,299
20210207_torneo20hs_PUnion,2,Pez_palo,47-48,54.574,18.477,2.95,455
20210207_torneo20hs_PUnion,2,Pez_palo,65-67,53.795,18.899,2.85,428
20210207_torneo20hs_PUnion,2,Pez_palo,72-73,15.156,6.098,2.49,246
20210207_torneo20hs_PUnion,2,Pez_palo,89-90,28.135,10.54,2.67,436
20210207_torneo20hs_PUnion,2,Pez_palo,91-92,22.398,7.319,3.06,358
20210207_torneo20hs_PUnion,2,Pez_palo,113-114,9.407,6.004,1.57,173
20210207_torneo20hs_PUnion,2,Pez_palo,115-116,51.663,17.558,2.94,547
20210207_torneo20hs_PUnion,2,Pez_palo,117-118,31.999,10.535,3.04,428
20210207_torneo20hs_PUnion,2,Pez_palo,144-145,19.523,8.952,2.18,337
20210207_torneo20hs_PUnion,2,Pez_palo,154-155,18.072,8.424,2.15,429
20210207_torneo20hs_PUnion,2,Pez_palo,158,34.889,16.327,2.14,344
20210321_TorneoapneaMadryn,2,Robalo,136-138,65.84,19.94,3.3,495
20200119_T_Pesca_Rawson,2,S_acuta,"33,34",,,405,
20200119_T_Pesca_Rawson,2,S_acuta,66,,,238,
20210124_torneo_pesca_Punion,2,S_acuta,36,,,345,
20210124_torneo_pesca_Punion,2,S_acuta,40,,,,
20210124_torneo_pesca_Punion,2,S_acuta,41,,,,
20210124_torneo_pesca_Punion,2,S_acuta,43,,,,
20210124_torneo_pesca_Punion,2,S_acuta,48-49,,,410,
20210124_torneo_pesca_Punion,2,S_acuta,50,,,305,
20210124_torneo_pesca_Punion,2,S_acuta,54-55,,,380,
20210124_torneo_pesca_Punion,2,S_acuta,76,,,365,
20210124_torneo_pesca_Punion,2,S_acuta,86,,,340,
20210124_torneo_pesca_Punion,2,S_acuta,119,,,415,
20210124_torneo_pesca_Punion,2,S_acuta,120,,,275,
20210124_torneo_pesca_Punion,2,S_acuta,143-144,,,475,
20210124_torneo_pesca_Punion,2,S_acuta,224,,,397,
20210124_torneo_pesca_Punion,2,S_acuta,225,,,451,
20210124_torneo_pesca_Punion,2,S_acuta,241,,,500,
20210124_torneo_pesca_Punion,2,S_acuta,243,,,256,
20210207_torneo20hs_PUnion,2,S_acuta,21,,,465,
20210207_torneo20hs_PUnion,2,S_acuta,22,,,225,
20210207_torneo20hs_PUnion,2,S_acuta,29,,,253,
20210207_torneo20hs_PUnion,2,S_acuta,54-55,,,360,
20210207_torneo20hs_PUnion,2,S_acuta,56,,,274,
20210207_torneo20hs_PUnion,2,S_acuta,59-60,,,285,
20210207_torneo20hs_PUnion,2,S_acuta,69-70,,,390,
20210207_torneo20hs_PUnion,2,S_acuta,83,,,208,
20210207_torneo20hs_PUnion,2,S_acuta,84,,,433,
20210207_torneo20hs_PUnion,2,S_acuta,96-97,,,268,
20210207_torneo20hs_PUnion,2,S_acuta,107-108,,,252,
20210207_torneo20hs_PUnion,2,S_acuta,111,,,269,
20210207_torneo20hs_PUnion,2,S_acuta,136-137,,,242,
20210124_torneo_pesca_Punion,2,S_marmolada,77-78,,,205,
20210124_torneo_pesca_Punion,2,S_marmolada,87-88,,,305,
20190415SesionPescaBañuls,1,Salmon_mar,DSCF041/DSCF042,79.9,17,4.7,539
20190415SesionPescaBañuls,1,Salmon_mar,DSCF039/DSCF040,127.4,26,4.9,905
20190503SesionPescaEMA/Peste,1,Salmon_mar,12,73.9,20,3.7,482
20190503SesionPescaEMA/Peste,1,Salmon_mar,60-61,52,14.3,3.64,409
20190503SesionPescaEMA/Peste,1,Salmon_mar,77-79,73,16.1,4.53,537
20190503SesionPescaEMA/Peste,1,Salmon_mar,160-163,59.6,15.2,3.92,519
20190503SesionPescaEMA/Peste,1,Salmon_mar,192-195,56,14.9,3.76,355
20190508SesionPescaPtoLobos ,1,Salmon_mar,91,58.3,17.3,3.37,431.2
20190508SesionPescaPtoLobos ,1,Salmon_mar,107-109,114.5,24.5,4.67,765
20190508SesionPescaPtoLobos ,1,Salmon_mar,111,82.6,18.4,4.49,602
20190508SesionPescaPtoLobos ,1,Salmon_mar,114,103.6,24,4.32,720
20190508SesionPescaPtoLobos ,1,Salmon_mar,166,141.5,31.2,4.854,799
20190624MuestreoVideo,1,Salmon_mar,-,69,16,4.31,429
20190624MuestreoVideo,1,Salmon_mar,-,108,22,4.91,799
20190624MuestreoVideo,1,Salmon_mar,-,42,12,3.5,354
20190624MuestreoVideo,1,Salmon_mar,-,49,12,4.08,401
20190624MuestreoVideo,1,Salmon_mar,-,46,12,3.83,353
20190624MuestreoVideo,1,Salmon_mar,-,203,37,5.68,1116
20190624MuestreoVideo,1,Salmon_mar,-,56,15,3.73,398
20190624MuestreoVideo,1,Salmon_mar,-,63,15,3.4,338
20190624MuestreoVideo,1,Salmon_mar,-,72,16,4.45,477
20190624MuestreoVideo,1,Salmon_mar,Imagen_10,75.8,15.7,4.98,910
20190624MuestreoVideo,1,Salmon_mar,Imagen_11,80.7,13,6.21,1008
20190624MuestreoVideo,1,Salmon_mar,Imagen_12,70.5,11.7,6.03,980
20210321_TorneoapneaMadryn,2,Salmon_mar,131-132,102.7,22.4,4.58,665
20190401FotosLujan,1,Sargo,D_a_1,54,15,3.65,284
20190401FotosLujan,1,Sargo,2,57.6,14.4,4,286
20190401FotosLujan,1,Sargo,3,61.1,16.2,3.97,290
20190401FotosLujan,3,Sargo,D_a_4,52,11,4.73,276
20190401FotosLujan,3,Sargo,D_a_5,49.2,14.5,3.39,244
20190501Laboratorio,3,Sargo,D_a_1,54,12,4.5,284
20190501Laboratorio,3,Sargo,D_a_2,57,12,4.75,286
20190501Laboratorio,3,Sargo,D_a_3,61,13,4.67,290
20190501Laboratorio,1,Sargo,D_a_4,52,12.4,4.1,277
20190501Laboratorio,1,Sargo,D_a_5,49,13.56,3.613569322,244
20190508SesionPescaPtoLobos  ,1,Sargo,18,24.6,9.5,2.59,123.2
20190508SesionPescaPtoLobos  ,1,Sargo,19,55.4,16.4,3.38,237.7
20190508SesionPescaPtoLobos  ,1,Sargo,21,25.3,8.6,2.94,128.2
20190508SesionPescaPtoLobos  ,1,Sargo,33-34,37.2,13.6,2.93,206.2
20190508SesionPescaPtoLobos  ,1,Sargo,36,58.1,19.8,3.17,240.8
20190508SesionPescaPtoLobos  ,1,Sargo,44,51.2,14.2,3.61,226.8
20190508SesionPescaPtoLobos  ,1,Sargo,48,32.8,10,3.09,156.7
20190508SesionPescaPtoLobos  ,1,Sargo,50,45.4,13.5,3.36,219.3
20190508SesionPescaPtoLobos  ,1,Savorin,1,24.1,12,2.01,151.5
20190508SesionPescaPtoLobos  ,1,Savorin,2,21.7,11.3,1.92,142.2
20190508SesionPescaPtoLobos  ,1,Savorin,3,22.7,11.6,1.96,140
20190508SesionPescaPtoLobos  ,1,Savorin,4,23.7,11.9,1.99,146.8
20190508SesionPescaPtoLobos  ,1,Savorin,6,22.2,11.5,1.93,148.1
20190508SesionPescaPtoLobos  ,1,Savorin,7,25.4,12.06,2.11,158
20190508SesionPescaPtoLobos  ,1,Savorin,8,20.3,10.6,1.92,145.9
20190508SesionPescaPtoLobos  ,1,Savorin,9,22.8,11.2,2.04,148.4
20190508SesionPescaPtoLobos  ,1,Savorin,10,18.3,10.7,1.71,142.7
20190508SesionPescaPtoLobos  ,1,Savorin,11,21.5,11.4,1.89,135.8
20190508SesionPescaPtoLobos  ,1,Savorin,13,20.1,9.3,2.16,147.2
20190508SesionPescaPtoLobos  ,1,Savorin,14,21.3,10.9,1.95,145.9
20190401FotosLujan,1,Turco,Pin_bra12,33,9,3.67,289
20190503SesionPescaEMA/Peste,1,Turco,166-167,44,11,4,337.6
20190503SesionPescaEMA/Peste,1,Turco,170-171,46.3,13.2,3.51,379.6
20190503SesionPescaEMA/Peste,1,Turco,175-178,44.5,11.8,3.77,348.6
20190503SesionPescaEMA/Peste,1,Turco,181-183,43.8,12.1,3.62,349.5
20190503SesionPescaEMA/Peste,1,Turco,184-186,27.1,8.4,3.23,224.9
20190503SesionPescaEMA/Peste,1,Turco,197-198,37,10.7,3.46,300
20190503SesionPescaEMA/Peste,1,Turco,199-200,23.1,9.16,2.521834061,245.2
20190503SesionPescaEMA/Peste,1,Turco,201-203,46.7,12,3.89,371
20190503SesionPescaEMA/Peste,1,Turco,204-205,38.4,12.8,3,308.7
20190503SesionPescaEMA/Peste,1,Turco,206-208,35.5,11.8,3.01,264.6
20190503SesionPescaEMA/Peste,1,Turco,209-211,27.3,8.9,3.07,232
20190503SesionPescaEMA/Peste,1,Turco,212-213,62,14.88,4.166666667,365
20190503SesionPescaEMA/Peste,1,Turco,214-215,33,9.9,3.33,277.8
20190503SesionPescaEMA/Peste,1,Turco,216-217,23.1,8,2.89,200
20190503SesionPescaEMA/Peste,1,Turco,218-220,55.7,18.7,2.98,324.7
20190503SesionPescaEMA/Peste,1,Turco,221-222,29.5,8.2,3.6,267.3
20190503SesionPescaEMA/Peste,1,Turco,223-227,59,14.5,4.07,404.6
20190508SesionPescaPtoLobos ,1,Turco,27,47.3,13.2,3.58,307.1
20190508SesionPescaPtoLobos ,1,Turco,28,50.9,13.3,3.83,347.6
20190508SesionPescaPtoLobos ,1,Turco,37-38,60.5,15.4,3.93,356.9
20190508SesionPescaPtoLobos ,1,Turco,40,33.5,11,3.05,250.8
20190508SesionPescaPtoLobos ,1,Turco,85,50.6,13.7,3.69,329.4
20190508SesionPescaPtoLobos ,1,Turco,92,39.3,11.4,3.45,304
20190508SesionPescaPtoLobos ,1,Turco,117,29.3,11.5,2.55,225
20190508SesionPescaPtoLobos ,1,Turco,128,48.7,15,3.25,345.6
20190508SesionPescaPtoLobos ,1,Turco,"133,135",17.33,8.4,2.06,149.6
20190508SesionPescaPtoLobos ,1,Turco,144,44,12.2,3.61,279.6
20190508SesionPescaPtoLobos ,1,Turco,146,29.39,9.13,3.22,225
20190508SesionPescaPtoLobos ,1,Turco,147-148,43,13.2,3.26,311.3
20190508SesionPescaPtoLobos ,1,Turco,150-151,45.9,13.5,3.4,318.7
20190508SesionPescaPtoLobos ,1,Turco,152-153,28.3,11,2.57,216
20190508SesionPescaPtoLobos ,1,Turco,154,20.2,9.5,2.13,192
20190508SesionPescaPtoLobos ,1,Turco,156,22.5,9.5,2.37,189
20190508SesionPescaPtoLobos ,1,Turco,158,32.7,10.8,3.03,260.4
20190508SesionPescaPtoLobos ,1,Turco,42,47.7,12.9,3.7,326
20210321_TorneoapneaMadryn,2,Turco,15&16,46.539,11.273,4.13,357
20210321_TorneoapneaMadryn,2,Turco,17&18,66.041,13.207,5,435
20210321_TorneoapneaMadryn,2,Turco,25&26,54.81,12.29,4.46,388
20210321_TorneoapneaMadryn,2,Turco,37-38,58.113,12.061,4.82,415
20210321_TorneoapneaMadryn,2,Turco,39-40,59.989,13.002,4.61,390
20210321_TorneoapneaMadryn,2,Turco,45-46,58.107,13.443,4.32,410
20210321_TorneoapneaMadryn,2,Turco,49-50,44.241,11.489,3.85,330
20210321_TorneoapneaMadryn,2,Turco,51,46.223,11.372,4.06,377
20210321_TorneoapneaMadryn,2,Turco,68-69,67.949,13.983,4.86,405
20210321_TorneoapneaMadryn,2,Turco,70-72,52.132,15.586,3.34,370
20210321_TorneoapneaMadryn,2,Turco,86-87,74.287,15.785,4.71,433
20210321_TorneoapneaMadryn,2,Turco,88-89,55.327,15.95,3.57,403
20210321_TorneoapneaMadryn,2,Turco,90-91,65.506,16.91,3.87,390
20210321_TorneoapneaMadryn,2,Turco,92-93,63.943,17.7,3.65,415
20210321_TorneoapneaMadryn,2,Turco,95-96,54.377,13.107,4.15,375
20210321_TorneoapneaMadryn,2,Turco,97-99,40.076,10.767,3.92,435
20210321_TorneoapneaMadryn,2,Turco,100-101,62.35,14.487,4.3,405
20210321_TorneoapneaMadryn,2,Turco,121-122,64.807,19.627,3.61,408
20210321_TorneoapneaMadryn,2,Turco,128-130,65.308,13.658,4.78,395
